키워드,상품명,가격,수집일
에어팟,APPLE에어팟프로3 MFHP4KH/A,339310,2026-02-07 05:44
에어팟,APPLE에어팟4 액티브 노이즈 캔슬링 MXP93KH/A,162510,2026-02-07 05:44
에어팟,APPLE에어팟프로2 맥세이프 USB-C MTJV3KH/A,168990,2026-02-07 05:44
에어팟,APPLE에어팟4 MXP63KH/A,173590,2026-02-07 05:44
에어팟,APPLE에어팟맥스 USB-C,615600,2026-02-07 05:44
에어팟,APPLE에어팟맥스,692850,2026-02-07 05:44
에어팟,APPLE에어팟3 맥세이프 MME73KH/A,225490,2026-02-07 05:44
에어팟,APPLE에어팟프로2 맥세이프 라이트닝 MQD83KH/A,374890,2026-02-07 05:44
에어팟,APPLE에어팟2 이어버드 단품,33890,2026-02-07 05:44
에어팟,APPLE에어팟프로1 맥세이프 MLWK3KH/A,386940,2026-02-07 05:44
에어팟,APPLE에어팟2 라이트닝 MV7N2KH/A,298560,2026-02-07 05:44
에어팟,APPLE에어팟4 이어버드 단품,67900,2026-02-07 05:44
에어팟,APPLE에어팟프로2 맥세이프 라이트닝 이어버드 단품,79000,2026-02-07 05:44
에어팟,APPLE에어팟4 액티브 노이즈 캔슬링 이어버드 단품,79900,2026-02-07 05:44
에어팟,APPLE에어팟프로2 맥세이프 USB-C 이어버드 단품,108890,2026-02-07 05:44
에어팟,APPLE에어팟3 라이트닝 MPNY3KH/A,220150,2026-02-07 05:44
